Message,True Label,Predicted Label
funny fact nobody teaches volcanoes erupt tsunamis arise hurricanes sway aroundn no teaches hw choose a wife natural disasters just happens,0,0
i sent my scores to sophas and i had to do secondary application for a few schools i think if you are thinking of applying do a research on cost also contact joke ogunrinde her school is one me the less expensive ones,0,0
we know someone who you know that fancies you call to find out who pobox lshb p,1,0
only if you promise your getting out as soon as you can and youll text me in the morning to let me know you made it in ok,0,0
congratulations ur awarded either of cd gift vouchers free entry our weekly draw txt music to tncs wwwldewcomwinppmxage,1,1
ill text carlos and let you know hang on,0,0
ki didt see youkwhere are you now,0,0
no messageno responcewhat happend,0,0
get down in gandhipuram and walk to cross cut road right side ltgt street road and turn at first right,0,0
you flippin your shit yet,0,0
for real tho this sucks i cant even cook my whole electricity is out and im hungry,0,0
free tones hope you enjoyed your new content text stop to to unsubscribe helpp provided by tonesyoucouk,1,1
im wif him now buying tix lar,0,0safsfsfsfds
call me when u finish then i come n pick u,0,0
dear how is chechi did you talk to her,0,0
whats up do you want me to come online,0,0
were somewhere on fredericksburg,0,0
urgent your mobile was awarded a bonus caller prize on our final attempt contact u call,1,1
when can come out,0,0
k if u bored up just come to my home,0,0
can call me at to make sure dat ive woken up,0,0
boy i love u grl hogolo boy gold chain kodstini grl agalla boy necklace madstini grl agalla boy hogli mutai eerulli kodthini grl i love u kano,0,0
a bloo bloo bloo ill miss the first bowl,0,0
yeah sure give me a couple minutes to track down my wallet,0,0
this is the nd time we have tried contact u u have won the pound prize claim is easy call now only p per minute btnationalrate,1,1
no it was cancelled yeah baby well that sounds important so i understand my darlin give me a ring later on this fone love kate x,0,0
its not the same here still looking for a job how much do tas earn there,0,0
gud gudk chikku tke care sleep well gud nyt,0,0
ill reach in ard mins ok,0,0
wat doing now,0,0
done it but internet connection v slow and cant send it will try again later or first thing tomo,0,0
yup izzit still raining heavily cos im in e mrt i cant c outside,0,0
hi im sue i am years old and work as a lapdancer i love sex text me live im i my bedroom now text sue to by textoperator g da ppmsg,1,0
can you pls send me that company name in saibaba colany,0,0
i cant speak bcaz mobile have problem i can listen you but you cannt listen my voice so i calls you later,0,0
yes i think so i am in office but my lap is in room i think thats on for the last few days i didnt shut that down,0,0
yeah its jus rite,0,0
hey mate spoke to the mag people were on the is deliver by the end of the month deliver on the th sept talk later,0,0
i know you mood off today,0,0
alrite jod hows the revision goin keris bin doin a smidgin n e way u wanna cum over after collegexx,0,0
see i knew giving you a break a few times woul lead to you always wanting to miss curfew i was gonna gibe you til one but a midnight movie is not gonna get out til after you need to come home you need to getsleep and if anything you need to b studdying ear training,0,0
lol i knew that i saw him in the dollar store,0,0
we tried to call you re your reply to our sms for a video mobile mins unlimited text free camcorder reply or call now del thurs,1,1
hey galsu all wanna meet dinner at nte,0,0
aft i finish my lunch then i go str down lor ard smth lor u finish ur lunch already,0,0
y cant u try new invention to flyim not joking,0,0
that would be good ill phone you tomo lunchtime shall i to organise something,0,0
lol that would be awesome payback,0,0
youd like that wouldnt you jerk,0,0
yeah theres barely enough room for the two of us x has too many fucking shoes sorry man see you later,0,0
hmv bonus special pounds of genuine hmv vouchers to be won just answer easy questions play now send hmv to more infowwwpercentrealcom,1,1
he remains a bro amongst bros,0,0
do you want a new nokia i colour phone deliveredtomorrow with free minutes to any mobile free texts free camcorder reply or call,1,1
if youre not in my car in an hour and a half im going apeshit,0,0
cool text me when you head out,0,0
thats y i said its bad dat all e gals know u wat u doing now,0,0
i know girls always safe and selfish know i got it pa thank you good night,0,0
ok finishing soon,0,0
life alle moneeppolum oru pole allalo,0,0
if i let you do this i want you in the house by am,0,0
daddy will take good care of you,0,0
buy space invaders a chance win orig arcade game console press for games arcade std wap charge see ocoukgames terms settings no purchase,1,1
just do what ever is easier for you,0,0
but i have to i like to have love and arrange,0,0
hi darlin i hope you had a nice night i wish i had come cant wait to see you love fran ps i want dirty anal sex and i want a man gang bang,0,0
goodmorning today i am late for ltgt min,0,0
as per your request maangalyam alaipayuthe has been set as your callertune for all callers press to copy your friends callertune,0,0
i wish u were here i feel so alone,0,0
awesome question with a cute answer someone asked a boy how is ur life he smiled amp answered she is fine gudnite,0,0
ur hmv quiz cashbalance is currently to maximize ur cashin now send hmv to only pmsg,1,1
so wats da decision,0,0
kkadvance happy pongal,0,0
unless its a situation where you go gurl would be more appropriate,0,0
honeybee said im d sweetest in d world god laughed amp said waitu havnt met d person reading this msg moral even god can crack jokes gmgngegn,0,0
thats alrite girl u know gail is neva wrongtake care sweet and dont worryc u ltr hunlove yaxxx,0,0
winner as a valued network customer you have been selected to receivea prize reward to claim call claim code kl valid hours only,1,1
theres someone here that has a year ltgt toyota camry like mr olayiwolas own mileage is ltgt kits clean but i need to know how much will it sell for if i can raise the dough for it how soon after landing will it sell holla back,0,0
ma head dey swell oh thanks for making my day,0,0
ok take ur time n enjoy ur dinner,0,0
sad story of a man last week was my bday my wife didnt wish me my parents forgot n so did my kids i went to work even my colleagues did not wish as i entered my cabin my pa said happy bday boss i felt special she askd me lunch after lunch she invited me to her apartment we went there she said do u mind if i go into the bedroom for a minute ok i sed in a sexy mood she came out minuts latr wid a caken my wife my parents my kidz my friends n my colleagues all screaming surprise and i was waiting on the sofa naked,0,0
ok thanx take care then,0,0
keng rocking in ashes,0,0
im home,0,0
wiskey brandy rum gin beer vodka scotch shampain wine kudiyarasu dhina vaazhthukkal,0,0
now thats going to ruin your thesis,0,0
lemme know when youre here,0,0
appledayno doctor tulsi leafdayno cancer lemondayno fat cup milkdayno bone problms litres watrdayno diseases snd ths whom u care,0,0
yay finally lol i missed our cinema trip last week,0,0
how did you find out in a way that didnt include all of these details,0,0
great hope you are using your connections from mode men also cos you can never know why old friends can lead you to today,0,0
for fear of fainting with the of all that housework you just did quick have a cuppa,0,0
am i the only one who doesnt stalk profiles,0,0
aiyar u so poor thing i give u my support k jia you ill think of u,0,0
okie thanx,0,0
sorry ill call later,0,0
mum say we wan to go then go then she can shun bian watch da glass exhibition,0,0
did you say bold then torch later or one torch and bold,0,0
not yet chikkuwat abt u,0,0
what was she looking for,0,0
shopping eh ger i toking abt syd lehhaha,0,0
i liked the new mobile,0,0
now am free call me pa,0,0
wat r u doing,0,0
single line with a big meaning miss anything ur best life but,0,0
they just talking thats it de they wont any other,0,0
yep i do like the pink furniture tho,0,0
thanks honey but still havent heard anything i will leave it a bit longer so not crowd him and will try later great advice thanks hope cardiff is still there,0,0
then ask dad to pick up lar wan stay until meh,0,0
sorry pa i dont knw who ru pa,0,0
u will switch your fone on dammit,0,0
im at work please call,0,0
well i will watch shrek in db,0,0
long after i quit i get on only like minutes a day as it is,0,0
hey you told your name to gautham ah,0,0
happy new year princess,0,0
coffee cake i guess,0,0
i wont touch you with out your permission,0,0
sometimes we put walls around our heartsnot just to be safe from getting hurt but to find out who cares enough to break the walls amp get closer goodnoon,0,0
speak only when you feel your words are better than the silence gud mrng,0,0
i got like ltgt i can get some more later though get whatever you feel like,0,0
k im ready ltgt,0,0
sir i need velusamy sirs date of birth and company bank facilities details,0,0
rose needs water season needs change poet needs imaginationmy phone needs ur sms and i need ur lovely frndship forever,0,0
wan win a meetgreet with westlife u or a m they are currently on what tour unbreakable untamed unkempt text or to cost p std text,1,1
i know you are thinkin malaria but relax children cant handle malaria she would have been worse and its gastroenteritis if she takes enough to replace her loss her temp will reduce and if you give her malaria meds now she will just vomit its a self limiting illness she has which means in a few days it will completely stop,0,0
are you this much buzy,0,0
ok every night take a warm bath drink a cup of milk and youll see a work of magic you still need to loose weight just so that you know,0,0
yo do you know anyone ltgt or otherwise able to buy liquor our guy flaked and right now if we dont get a hold of somebody its just loko all night,0,0
and smile for me right now as you go and the world will wonder what you are smiling about and think your crazy and keep away from you grins,0,0
sms auction a brand new nokia is up auction today auction is free join take part txt nokia to now,1,1
happy or sad one thing about past is its no more good morning,0,0
aathiwhere are you dear,0,0
oh mr sheffield you wanna play that game okay youre the boss and im the nanny you give me a raise and ill give you one,0,0
k wen ur free come to my home and also tel vikky i hav sent mail to him also better come evening il be free today aftr pm,0,0
ugh i dont wanna get out of bed its so warm,0,0
ummmmmaah many many happy returns of d day my dear sweet heart happy birthday dear,0,0
doc prescribed me morphine cause the other pain meds arent enough waiting for my mom to bring it that med should kick in fast so im gonna try to be on later,0,0
aiyah sorry lor i watch tv watch until i forgot check my phone,0,0
dis is yijue i jus saw ur mail in case huiming havent sent u my num dis is my num,0,0
kay since we are out already,0,0
we have pizza if u want,0,0
aight ill text you when im back,0,0
aight you close by or still down around alexs place,0,0
had your mobile months or more u r entitled to update to the latest colour mobiles with camera for free call the mobile update co free on,1,1
you do what all you like,0,0
do you like shaking your booty on the dance floor,0,0
dont worry though i understand how important it is that i be put in my place with a poorly thought out punishment in the face of the worst thing that has ever happened to me brb gonna go kill myself,0,0
anyway holla at me whenever youre around because i need an excuse to go creep on people in sarasota,0,0
this girl does not stay in bed this girl doesnt need recovery time id rather pass out while having fun then be cooped up in bed,0,0
hello my little party animal i just thought id buzz you as you were with your friends grins reminding you were loved and send a naughty adoring kiss,0,0
oops i thk i dun haf enuff i go check then tell,0,0
horrible bf i now v hungry,0,0
hi there we have now moved in our pub would be great c u if u cud come up,0,0
sorry ill call later,0,0
no i am not having not any movies in my laptop,0,0
wot about on wed nite i am then but only til,0,0
sac will score big hundredhe is set batsman,0,0
motivate behind every darkness there is a shining light waiting for you to find it behind every best friend there is always trust and love bslvyl,0,0
but im surprised she still can guess right lor,0,0
whos there say hi to our drugdealer,0,0
oh oh wasted den muz chiong on sat n sun liao,0,0
waqt se pehle or naseeb se zyada kisi ko kuch nahi miltazindgi wo nahi he jo hum sochte hai zindgi wo hai jo ham jeetey hai,0,0
lol i know hey someone did a great inpersonation of flea on the forums i love it,0,0
u can win of music gift vouchers every week starting now txt the word draw to tscs wwwldewcom skillgamewinaweek ageppermesssubscription,1,1
i am not having her number sir,0,0
double mins txts on orange tariffs latest motorola sonyericsson nokia with bluetooth free call mobileupd on or calloptouthf,1,1
how are u i have missed u i havent been up much a bit bored with the holiday want go bak college sad isnt itxx,0,0
xxxmobilemovieclub to use your credit click the wap link in the next txt message or click here httpwap xxxmobilemovieclubcomnqjkgighjjgcbl,1,1
can help u swoop by picking u up from wherever ur other birds r meeting if u want,0,0
he fucking chickened out he messaged me he would be late and woould buzz me and then i didnt hear a word from him,0,0
okay same with me well thanks for the clarification,0,0
lol ok ill try to send be warned sprint is dead slow youll prolly get it tomorrow,0,0
it is a good thing im now getting the connection to bw,0,0
no dude its not fakemy frnds got money thts y im reffering uif u member wit my mail link u vl be credited ltgt rs and il be getiing ltgt rsi can draw my acc wen it is ltgt rs,0,0
s but not able to sleep,0,0
wat time liao where still got,0,0
they released vday shirts and when u put it on it makes your bottom half naked instead of those white underwear,0,0
noi got rumour that you going to buy apartment in chennai,0,0
normally i use to drink more water daily,0,0
yup next stop,0,0
k ill drinkpa then what doing i need srs model pls send it to my mail id pa,0,0
kent vale lor wait me there ar,0,0
you have won as a valued vodafone customer our computer has picked you to win a prize to collect is easy just call,1,1
anything,0,0
i thk lor but dunno can get tickets a not wat u doing now,0,0
how about clothes jewelry and trips,0,0
oic cos me n my sis got no lunch today my dad went out so dunno whether eat in sch or wat,0,0
just getting back home,0,0
great escape i fancy the bridge but needs her lager see you tomo,0,0
dun need to pick ur gf,0,0
private your account statement for shows unredeemed sim points call identifier code expires,1,1
well balls time to make calls,0,0
in sch but neva mind u eat st lor,0,0
what happen dear tell me,0,0
ok,0,0
loans for any purpose even if you have bad credit tenants welcome call noworriesloanscom on,1,0
oh a half hour is much longer in syria than canada eh wow you must get so much more work done in a day than us with all that extra time grins,0,0
we tried to contact you re our offer of new video phone anytime any network mins half price rental camcorder call or reply for delivery wed,1,1
dai i downloaded but there is only exe file which i can only run that exe after installing,0,0
sorry ill call later,0,0
fun fact although you would think armand would eventually build up a tolerance or some shit considering how much he smokes he gets fucked up in like hits,0,0
but i dint slept in afternoon,0,0
i think if he rule tamilnaduthen its very tough for our people,0,0
you are right though i cant give you the space you want and need this is really starting to become an issue i was going to suggest setting a definite move outif im still there after greece but maybe you are ready and should do it now,0,0
you know wot people wear t shirts jumpers hat belt is all we know we r at cribbs,0,0
aathiwhere are you dear,0,0
hey what are you doing y no reply pa,0,0
well its not like you actually called someone a punto that woulda been worse,0,0
alright ill head out in a few minutes text me where to meet you,0,0
send me the new number,0,0
take us out shopping and mark will distract isaiahd,0,0
urgent please call from a landline cash or a holiday await collection t cs sae po box mxy,1,1
mmmmm i loved waking to your words this morning i miss you too my love i hope your day goes well and you are happy i wait for us to be together again,0,0
just wanted to say holy shit you guys werent kidding about this bud,0,0
jus finish blowing my hair u finish dinner already,0,0
tell your friends what you plan to do on valentines day lturlgt,0,0
i cant keep talking to people if am not sure i can pay them if they agree to price so pls tell me what you want to really buy and how much you are willing to pay,0,0
well then you have a great weekend,0,0
neft transaction with reference number ltgt for rs ltdecimalgt has been credited to the beneficiary account on ltgt at lttimegt ltgt,0,0
aiyar dun disturb u liao thk u have lots do aft ur cupboard come,0,0
why did i wake up on my own gt,0,0
tddnewsletteremccouk more games from thedailydraw dear helen dozens of free games with great prizeswith,1,0
after my work ah den plus lor u workin oso rite den go orchard lor no other place to go liao,0,0
how come guoyang go n tell her then u told her,0,0
days to euro kickoff u will be kept informed of all the latest news and results daily unsubscribe send get euro stop to,1,1
ringtoneking,1,0
ok ill do you right later,0,0
first answer my question,0,0
yup no need ill jus wait e rain stop,0,0
pls speak with me i wont ask anything other then you friendship,0,0
sorry ill call later,0,0
true it is passable and if you get a high score and apply for phd you get years of salary so it makes life easier,0,0
aiyah e rain like quite big leh if drizzling i can at least run home,0,0
you should get more chicken broth if you want ramen unless theres some i dont know about,0,0
free for st week no nokia tone ur mob every week just txt nokia to get txting and tell ur mates wwwgetzedcouk pobox w wq norm ptone,1,1
hurt me tease me make me cry but in the end of my life when i die plz keep one rose on my grave and say stupid i miss u have a nice day bslvyl,0,0
and i dont plan on staying the night but i prolly wont be back til late,0,0
now only i reached home i am very tired now i will come tomorro,0,0
all day working dayexcept saturday and sunday,0,0
wait me in sch i finish ard,0,0
congrats mobile g videophones r yours call now videochat wid ur mates play java games dload polyph music noline rentl bx ip we p,1,1
thank you so much when we skyped wit kz and sura we didnt get the pleasure of your company hope you are good weve given you ultimatum oh we are countin down to aburo enjoy,0,0
u have a secret admirer who is looking make contact with ufind out who they rreveal who thinks ur so specialcall on,1,1
sending you greetings of joy and happiness do have a gr evening,0,0
for many things its an antibiotic and it can be used for chest abdomen and gynae infections even bone infections,0,0
i am thinking of going down to reg for pract lessons flung my advance haha wat time u going,0,0
pls speak to that customer machan,0,0
but you dint in touch with me,0,0
are you up for the challenge i know i am,0,0
oh my god im almost home,0,0
good morning at the repair shopthe only reason im up at this hour,0,0
hi frnd which is best way to avoid missunderstding wit our beloved ones,0,0
and hows your husband,0,0
dear are you angry i was busy dear,0,0
its so common hearin how r u wat r u doing how was ur day so let me ask u something different did u smile today if not do it now gud evng,0,0
wat r u doing,0,0
how come she can get it should b quite diff to guess rite,0,0
wishing you and your family merry x mas and happy new year in advance,0,0
ok i vldo u know i got adsense approved,0,0
siva is in hostel aha,0,0
we still on for tonight,0,0
do you want a new video handset any time any network mins unlimited text camcorder reply or call now for del sat am,1,1
just curious because my cuz asked what i was up to,0,0
loan for any purpose homeowners tenants welcome have you been previously refused we can still help call free or text back help,1,1
wen ur lovable bcums angry wid u dnt take it seriously coz being angry is d most childish n true way of showing deep affection care n luv kettoda manda have nice day da,0,0
im good have you registered to vote,0,0
designation is software developer and may be she get chennai,0,0
din i tell u jus now,0,0
urgh coach hot smells of chip fat thanks again especially for the duvet not a predictive text word,0,0
tell dear what happen to you why you talking to me like an alian,0,0
get me out of this dump heap my mom decided to come to lowes boring,0,0
my new years eve was ok i went to a party with my boyfriend who is this si then hey,0,0
you have an important customer service announcement from premier,1,1
its ok i noe ure busy but im really too bored so i msg u i oso dunno wat colour she choose me one,0,0
whats a feathery bowa is that something guys have that i dont know about,0,0
rtking pro video club need help inforingtonekingcouk or call you must be club credits redeemable at wwwringtonekingcouk enjoy,1,1
k dahow many page you want,0,0
so hows scotland hope you are not over showing your jjc tendencies take care live the dream,0,0
you have won a guaranteed cash or a prizeto claim yr prize call our customer service representative on,1,1
all done all handed in celebrations in full swing yet,0,0
i only haf msn its yijuehotmailcom,0,0
dude just saw a parked car with its sunroof popped up sux,0,0
helloooo wake up sweet morning welcomes you enjoy this day with full of joy gud mrng,0,0
cuz ibored and don wanna study,0,0
hey theres veggie pizza,0,0
can you please ask macho what his price range is does he want something new or used plus it he only interfued in the blackberry bold ltgt or any bb,0,0
hey j r u feeling any better,0,0
ok then no need to tell me anything i am going to sleep good night,0,0
do you know why god created gap between your fingers so that one who is made for you comes amp fills those gaps by holding your hand with love,0,0
let me know how it changes in the next hrs it can even be appendix but you are out of that age range however its not impossible so just chill and let me know in hrs,0,0
is avatar supposed to have subtoitles,0,0
how much is torch in ja,0,0
ok now i am in bus if i come soon i will come otherwise tomorrow,0,0
lor change suntec wat time u coming,0,0
message from i am at truro hospital on ext you can phone me here as i have a phone by my side,0,0
congratulations ur awarded either a yrs supply of cds from virgin records or a mystery gift guaranteed call tscs wwwsmsconet pm approx mins,1,1
u are subscribed to the best mobile content service in the uk for per days until you send stop to helpline,1,1
urgent call from landline your complementary tenerife holiday or cash await collection sae tcs po box wa px ppm sender hol offer,1,1
there are no other charges after transfer charges and you can withdraw anyhow you like,0,0
here is my new address applespairsall that malarky,0,0
no problem how are you doing,0,0
im viveki got call from your number,0,0
aight ill get on fb in a couple minutes,0,0
k wait chikkuil send aftr ltgt mins,0,0
sunshine quiz wkly q win a top sony dvd player if u know which country liverpool played in mid week txt ansr to sptyrone,1,1
also tell him i said happy birthday,0,0
im in a meeting call me later at,0,0
any chance you might have had with me evaporated as soon as you violated my privacy by stealing my phone number from your employers paperwork not cool at all please do not contact me again or i will report you to your supervisor,0,0
hope you are having a good week just checking in,0,0
derp which is worse a dude who always wants to party or a dude who files a complaint about the three drug abusers he lives with,0,0
well i was about to give up cos they all said no they didnt do one nighters i persevered and found one but it is very cheap so i apologise in advance it is just somewhere to sleep isnt it,0,0
hows the champ just leaving glasgow,0,0
thats necessarily respectful,0,0
dude how do you like the buff wind,0,0
yeah thats the impression i got,0,0
i think steyn surely get one wicket,0,0
havent mus ask if u can st wat of meet lunch den u n him meet can already lor or u wan go ask da ge st then confirm w me asap,0,0
when you are big god will bring success,0,0
and of course you should make a stink,0,0
total video converter free download type this in google search,0,0
me too mark is taking forever to pick up my prescription and the pain is coming back,0,0
hey congrats u id luv but ive had go home,0,0
ive not called you in a while this is hoping it was lr malaria and that you know that we miss you guys i miss bani big so pls give her my love especially have a great day,0,0
we confirm eating at esplanade,0,0
my phone,0,0
tone club your subs has now expired resub reply monoc monos or polyc polys weekly p per week txt stop stop this msg free stream,1,1
tomarrow final hearing on my laptop case so i cant,0,0
can a not,0,0
how have your little darlings been so far this week need a coffee run tomocant believe its that time of week already,0,0
cab is availablethey pick up and drop at door steps,0,0
do we have any spare power supplies,0,0
water logging in desert geoenvironmental implications,0,0
i want to be inside you every night,0,0
argh why the fuck is nobody in town,0,0
hope you are feeling great pls fill me in abiola,0,0
he didnt see his shadow we get an early spring yay,0,0
oh really did you make it on air whats your talent,0,0
also track down any lighters you can find,0,0
kkwhy cant you come here and search job,0,0
hey boys want hot xxx pics sent direct ur phone txt porn to hrs free and then just p per day to stop text stopbcm sf wcnxx,1,1
have you not finished work yet or something,0,0
hope you are having a great day,0,0
now that you have started dont stop just pray for more good ideas and anything i see that can help you guys ill forward you a link,0,0
no did you multimedia message them or email,0,0
lol yes but it will add some spice to your day,0,0
eatin later but im eatin wif my frens now lei going home first,0,0
there generally isnt one its an uncountable noun u in the dictionary pieces of research,0,0
shuhui say change suntec steamboat u noe where where r u now,0,0
guess who spent all last night phasing in and out of the fourth dimension,0,0
also north carolina and texas atm you would just go to the gre site and pay for the test results to be sent,0,0
thk shld b can ya i wana go lessons haha can go for one whole stretch,0,0
you please give us connection today itself before ltdecimalgt or refund the bill,0,0
okay but i thought you were the expert,0,0
just taste fish curry p,0,0
then u ask darren go n pick u lor but i oso sian tmr haf meet lect,0,0
it didnt work again oh ok goodnight then ill fix and have it ready by the time you wake up you are very dearly missed have a good night sleep,0,0
i shall book chez jules for half eight if thats ok with you,0,0
will do was exhausted on train this morning too much wine and pie you sleep well too,0,0
cos i was out shopping wif darren jus now n i called him ask wat present he wan lor then he started guessing who i was wif n he finally guessed darren lor,0,0
ill get there at unless you guys want me to come some time sooner,0,0
pls tell nelson that the bbs are no longer comin the money i was expecting aint coming,0,0
omg if its not one thing its another my cat has worms when does this bad day end,0,0
reply to win weekly what professional sport does tiger woods play send stop to to end service,1,1
yo the game almost over want to go to walmart soon,0,0
between ampm cost p,1,1
i dont think he has spatula hands,0,0
ok i will tell her to stay out yeah its been tough but we are optimistic things will improve this month,0,0
im at home please call,0,0
wifehow she knew the time of murder exactly,0,0
the fact that youre cleaning shows you know why im upset your priority is constantly what i want to do,0,0
as per your request melle melle oru minnaminunginte nurungu vettam has been set as your callertune for all callers press to copy your friends callertune,0,0
oh yah we never cancel leh haha,0,0
have got few things to do may be in pub later,0,0
boo what time u get out u were supposed to take me shopping today,0,0
please sen my kind advice please come here and try,0,0
i know you are serving i mean what are you doing now,0,0
how would my ip address test that considering my computer isnt a minecraft server,0,0
he remains a bro amongst bros,0,0
ahhh work i vaguely remember that what does it feel like lol,0,0
how u doin baby girl hope u are okay every time i call ure phone is off i miss u get in touch,0,0
my friend shes studying at warwick weve planned to go shopping and to concert tmw but it may be canceled havnt seen for ages yeah we should get together sometime,0,0
got smaller capacity one quite ex,0,0
no i decided that only people who care about stuff vote and caring about stuff is for losers,0,0
u have a secret admirer who is looking make contact with ufind out who they rreveal who thinks ur so specialcall on,1,1
did u fix the teethif not do it asapok take care,0,0
am surfing online store for offers do you want to buy any thing,0,0
sry cant talk on phone with parents,0,0
my parents my kidz my friends n my colleagues all screaming surprise and i was waiting on the sofa naked,0,0
velly good yes please,0,0
gods love has no limit gods grace has no measure gods power has no boundaries may u have gods endless blessings always in ur life gud ni,0,0
hi customer loyalty offerthe new nokia mobile from only at txtauction txt word start to no get yours now tctxt tc pmtmsg,1,1
have you bookedthe hut and also your time off how are you by the way,0,0
im working technical support voice process,0,0
ya but it cant display internal subs so i gotta extract them,0,0
winner as a valued network customer you hvae been selected to receive a reward to collect call valid hours only aclpm,1,1
auction round the highest bid is now next maximum bid is to bid send bids e g to bid to good luck,1,0
great princess i love giving and receiving oral doggy style is my fave position how about you i enjoy making love ltgt times per night,0,0
can u get phone now i wanna chat set up meet call me now on u can cum here moro luv jane xx callsminmoremobsemspoboxpowa,1,0
great im in church now will holla when i get out,0,0
k so am i how much for an th fifty,0,0
found it enc ltgt where you at,0,0
anytime lor,0,0
tmrw im finishing doors,0,0
haiyoh maybe your hamster was jealous of million,0,0
gud ni dearslp welltake careswt dreamsmuah,0,0
guy no flash me now if you go call me call me how madam take care oh,0,0
we left already we at orchard now,0,0
whatsup there dont u want to sleep,0,0
so what do you guys do,0,0
yes watching footie but worried were going to blow it phil neville,0,0
this is my number by vivek,0,0
no b thursday,0,0
i av a new number wil u only use this oneta,0,0
im e person whos doing e sms survey,0,0
you are a winner u have been specially selected receive cash or a holiday flights inc speak to a live operator claim,1,1
housemaid is the murderer coz the man was murdered on ltgt th january as public holiday all govtinstituitions are closedincluding post officeunderstand,0,0
den wat will e schedule b lk on sun,0,0
shes fine i have had difficulties with her phone it works with mine can you pls send her another friend request,0,0
babe im answering you cant you see me maybe youd better reboot ym i got the photo its great,0,0
r u in this continent,0,0
the worlds most happiest frnds never have the same characters dey just have the best understanding of their differences,0,0
ok can,0,0
hey morning what you come to ask pa,0,0
sorry i cant text amp drive coherently see you in twenty,0,0
hello how r u im bored inever thought id get bored with the tv but i am tell me something exciting has happened there anything,0,0
our dating service has been asked contact u by someone shy call now all will be revealed pobox m uz p,1,1
nothing but we jus tot u would ask cos u ba gua but we went mt faber yest yest jus went out already mah so today not going out jus call lor,0,0
nt yet chikkusimple habbahw abt u,0,0
urgent your mobile no was awarded a bonus caller prize on this is our nd attempt to contact you call boxqu bt national rate,1,1
wn u r hurt by d prsn who s close u do fight wit dem coz somtimes dis fight saves a relation bt being quiet leaves nothin in a relation gud eveb,0,0
are you this much buzy,0,0
i will spoil you in bed as well,0,0
i remet alex nichols from middle school and it turns out hes dealing,0,0
can meh thgt some will clash really ah i dun mind i dun seen to have lost any weight gee,0,0
ard like dat y,0,0
dont hesitate you know this is the second time she has had weakness like that so keep i notebook of what she eat and did the day before or if anything changed the day before so that we can be sure its nothing,0,0
u have a secret admirer who is looking make contact with ufind out who they rreveal who thinks ur so specialcall on stopsms,1,1
edison has rightly said a fool can ask more questions than a wise man can answer now you know why all of us are speechless during viva gm,0,0
how many licks does it take to get to the center of a tootsie pop,0,0
hello my love what are you doing did you get to that interview today are you you happy are you being a good boy do you think of meare you missing me,0,0
as a valued customer i am pleased to advise you that following recent review of your mob no you are awarded with a bonus prize call,1,1
hows it going got any exciting karaoke type activities planned im debating whether to play football this eve feeling lazy though,0,0
too late i said i have the website i didnt i have or dont have the slippers,0,0
yetunde im in class can you not run water on it to make it ok pls now,0,0
here is your discount code rp to stop further messages reply stop wwwregalportfoliocouk customer services,1,1
nothing just getting msgs by dis name wit different nos,0,0
stupidits not possible,0,0
aathiwhere are you dear,0,0
email alertfrom jeri stewartsize kbsubject lowcost prescripiton drvgsto listen to email call,1,0
its wylie you in tampa or sarasota,0,0
tunji hows the queen how are you doing this is just wishing you a great day abiola,0,0
otherwise had part time job natuition,0,0
do you know why god created gap between your fingers so that one who is made for you comes amp fills those gaps by holding your hand with love,0,0
dnt worryuse ice pieces in a cloth packalso take tablets,0,0
no chikku nt yet ya im free,0,0
im going out to buy mums present ar,0,0
have a nice day my dear,0,0
private your account statement for shows unredeemed sim points call identifier codexx expires,1,1
pls clarify back if an open return ticket that i have can be preponed for me to go back to kerala,0,0
what you did in leave,0,0
log off wat its sdrybi,0,0
not tonight mate catching up on some sleep this is my new number by the way,0,0
will be september by then,0,0
call to use ur mins calls cast pmin mob vary service provided by aom just gbpmonth aom boxm er until u stop ages only,1,1
long beach lor expected u having dinner now,0,0
well done your costa del sol holiday or await collection call now toclaim sae tcs pobox stockport skxh costpm maxmins,1,1
yup i thk cine is better cos no need go down plaza mah,0,0
good afternoon my boytoy how are you feeling today better i hope are you being my good boy are you my obedient slave do you please your queen,0,0
youre not sure that im not trying to make xavier smoke because i dont want to smoke after being told i smoke too much,0,0
i sent them do you like,0,0
lol or i could just starve and lose a pound by the end of the day,0,0
i wont get concentration dear you know you are my mind and everything,0,0
hey das cool iknow all wellda peril of studentfinancial crisisspk u lr,0,0
oh did you charge camera,0,0
short but cute be a good person,0,0
ssnervous ltgt,0,0
frnd s not juz a wordnot merely a relationshipits a silent promise which says i will be with you wherevr whenevr forevr gudnyt dear,0,0
whats happening with you have you gotten a job and have you begun registration for permanent residency,0,0
urgent your costa del sol holiday or await collection call now toclaim sae tc s pobox stockport skxh costpm maxmins,1,1
fuck babe i miss you sooooo much i wish you were here to sleep with me my bed is so lonely i go now to sleep to dream of you my love,0,0
oh u must have taken your real valentine out shopping first,0,0
im tired of arguing with you about this week after week do what you want and from now on ill do the same,0,0
tmr then brin lar aiya later i come n c lar mayb neva set properly got da help sheet wif,0,0
it just seems like weird timing that the night that all you and g want is for me to come smoke is the same day as when a shitstorm is attributed to me always coming over and making everyone smoke,0,0
thanks for yesterday sir you have been wonderful hope you enjoyed the burial mojibiola,0,0
jesus armand really is trying to tell everybody he can find,0,0
haha good to hear im officially paid and on the market for an th,0,0
no one interested may be some business plan,0,0
i am going to film day da at pm sorry da,0,0
cheers for the card is it that time of year already,0,0
i know dat feelin had it with pete wuld get with em nuther place nuther time mayb,0,0
come by our room at some point so we can iron out the plan for this weekend,0,0
congrats year special cinema pass for is yours call now c suprman v matrix starwars etc all free bxipwe pm dont miss out,1,0
did you see that film,0,0
alright tylers got a minor crisis and has to be home sooner than he thought so be here asap,0,0
have you seen whos back at holby,0,0
nottel software name,0,0
how long has it been since you screamed princess,0,0
k can that happen tonight,0,0
yeah whatever lol,0,0
u can win of music gift vouchers every week starting now txt the word draw to tscs wwwidewcom skillgame winaweek age ppermesssubscription,1,1
can im free,0,0
fighting with the world is easy u either win or lose bt fightng with some who is close to u is dificult if u lose u lose if u win u still lose,0,0
where is it is there any opening for mca,0,0
do you want a new nokia i colour phone delivered tomorrow with free minutes to any mobile free text free camcorder reply or call,1,1
ok shell be ok i guess,0,0
will do have a good day,0,0
valuable affectionate loveable eternal noble truthful intimate natural enamous happy valentines day in advance,0,0
this pen thing is beyond a joke wont a biro do dont do a masters as cant do this ever again,0,0
i dont thnk its a wrong calling between us,0,0
take something for pain if it moves however to any side in the next hrs see a doctor,0,0
dunno cos i was v late n when i reach they inside already but we ate spageddies lor its e gals who r laughing at me lor,0,0
how dare you stupid i wont tell anything to you hear after i wont talk to you,0,0
wen ur lovable bcums angry wid u dnt take it seriously coz being angry is d most childish n true way of showing deep affection care n luv kettoda manda have nice day da,0,0
i think that tantrums finished so yeah ill be by at some point,0,0
sorry ill call later,0,0
have you heard from this week,0,0
sorry went to bed early nightnight,0,0
hey company elama po mudyadhu,0,0
ill see if i can swing by in a bit got some things to take care of here firsg,0,0
oops my phone died and i didnt even know yeah i like it better,0,0
do you want bold or bb torch,0,0
hello darling how are you today i would love to have a chat why dont you tell me what you look like and what you are in to sexy,1,0
take care n get well soon,0,0
but im on a diet and i ate too many slices of pizza yesterday ugh im always on a diet,0,0
nah its straight if you can just bring bud or drinks or something thats actually a little more useful than straight cash,0,0
you are sweet as well princess please tell me your likes and dislikes in bed,0,0
where to get those,0,0
camera you are awarded a sipix digital camera call fromm landline delivery within days,1,1
oops got that bit,0,0
same im at my great aunts anniversary party in tarpon springs,0,0
fantasy football is back on your tv go to sky gamestar on sky active and play k dream team scoring starts on saturday so register nowsky opt out to,1,1
dare i ask any luck with sorting out the car,0,0
god picked up a flower and dippeditinadew lovingly touched itwhichturnedinto u and the he gifted tomeandsaidthis friend is u,0,0
your account has been credited with free text messages to activate just txt the word credit to no tcs wwwbiz,1,1
o well uv causes mutations sunscreen is like essential thesedays,0,0
ryder unsoldnow gibbs,0,0
just wait till end of march when el nino gets himself oh,0,0
oh k i will come tomorrow,0,0
private your account statement for shows unredeemed sim points call identifier code expires,1,1
no but you told me you were going before you got drunk,0,0
its a valentine game send dis msg to all ur friends if answers r d same then someone really loves u ques which colour suits me the bestrply me,0,0
i cant i dont have her number,0,0
oh i was thkin of goin yogasana at den no nd to go at den can rush to parco nb okie lor u call me when ready,0,0
no on the way home so if not for the long dry spell the season would have been over,0,0
ill give her once i have it plus she said grinule greet you whenever we speak,0,0
i dont think i can get away for a trek that long with family in town sorry,0,0
yes we are chatting too,0,0
also wheres the piece,0,0
tell them the drug dealers getting impatient,0,0
yeshere tv is always available in work place,0,0
ltgt mins but i had to stop somewhere first,0,0
no its waiting in e car dats bored wat cos wait outside got nothing do at home can do my stuff or watch tv wat,0,0
our ride equally uneventful not too many of those pesky cyclists around at that time of night,0,0
eatin my lunch,0,0
thanks for your ringtone order reference number xyour mobile will be charged should your tone not arrive please call customer services,1,1
s reach home call me,0,0
youve already got a flaky parent itsnot supposed to be the childs job to support the parentnot until theyre the ride age anyway im supposed to be there to support you and now ive hurt you unintentional but hurt nonetheless,0,0
lookatme thanks for your purchase of a video clip from lookatme youve been charged p think you can do better why not send a video in a mmsto,1,0
aight ill hit you up when i get some cash,0,0
don no dawhats you plan,0,0
going to take your babe out,0,0
no need lar jus testing e phone card dunno network not gd i thk me waiting my sis finish bathing so i can bathe dun disturb u liao u cleaning ur room,0,0
probably want to pick up more,0,0
last chance claim ur worth of discount vouchers today text shop to now savamob offers mobile t cs savamob pobox muz sub,1,1
k sure am in my relatives home sms me de pls,0,0
the lay man just to let you know you are missed and thought off do have a great day and if you can send me bimbo and ugos numbers ill appreciate safe,0,0
when you get free call me,0,0
good afternoon my love any job prospects are you missing me what do you do are you being lazy and bleak hmmm or happy and filled with my love,0,0
do thing change that sentence into because i want concentrate in my educational career im leaving here,0,0
hmm yeah if your not too grooved out and im looking forward to my pound special,0,0
i thk shd be ok he said plus minus did leave a line in between paragraphs,0,0
ladies first and genus second k,0,0
alright i have a new goal now,0,0
ok no prob ill come after lunch then,0,0
i want to sent ltgt mesages today thats y sorry if i hurts,0,0
not directly behind abt rows behind,0,0
k can i pick up another th when youre done,0,0
a boy loved a gal he propsd bt she didnt mind he gv lv lttrs bt her frnds threw thm again d boy decided aproach d gal dt time a truck was speeding towards d gal wn it was about hit d girld boy ran like hell n saved her she asked hw cn u run so fast d boy replied boost is d secret of my energy n instantly d girl shouted our energy n thy lived happily gthr drinking boost evrydy moral of d story i hv free msgsd gud ni,0,0
hi you just spoke to maneesha v wed like to know if you were satisfied with the experience reply toll free with yes or no,0,0
private your account statement for shows unredeemed bonus points to claim call identifier code expires,1,1
are you planning to come chennai,0,0
huh y lei,0,0
k fyi im back in my parents place in south tampa so i might need to do the deal somewhere else,0,0
you have won a price to claim call,1,1
id have to check but theres only like bowls worth left,0,0
lovely smell on this bus and it aint tobacco,0,0
urgent your mobile number has been awarded a ukp prize guaranteed call from landline claim valid hrs only ppm,1,1
some of them told accenture is not confirm is it true,0,0
the world is running and i am stillmaybe all are feeling the sameso be itor i have to admiti am madthen where is the correctionor let me call this is lifeand keep running with the worldmay be u r also runninglets run,0,0
ok enjoy r u there in home,0,0
why dont you go tell your friend youre not sure you want to live with him because he smokes too much then spend hours begging him to come smoke,0,0
yeah confirmed for you staying at that weekend,0,0
i am late i will be there at,0,0
nothing i meant that once the money enters your account here the bank will remove its flat rate someone transfered ltgt to my account and ltgt dollars got removed so the banks differ and charges also differbe sure you trust the ja person you are sending account details to cos,0,0
depends on individual lor e hair dresser say pretty but my parents say look gong u kaypoh i also dunno wat she collecting,0,0
great p diddy is my neighbor and comes for toothpaste every morning,0,0
free messagethanks for using the auction subscription service pmsgrcvd skip an auction txt out unsubscribe txt stop customercare,1,1
ok darlin i supose it was ok i just worry too muchi have to do some film stuff my mate and then have to babysit again but you can call me therexx,0,0
want get laid tonight want real dogging locations sent direct ur mob join the uks largest dogging network by txting moan to nyt eca pmsgp,1,1
please protect yourself from ethreats sib never asks for sensitive information like passwordsatmsms pin thru email never share your password with anybody,0,0
the last thing i ever wanted to do was hurt you and i didnt think it would have youd laugh be embarassed delete the tag and keep going but as far as i knew it wasnt even up the fact that you even felt like i would do it to hurt you shows you really dont know me at all it was messy wednesday but it wasnt bad the problem i have with it is you have the time to clean it but you choose not to you skype you take pictures you sleep you want to go out i dont mind a few things here and there but when you dont make the bed when you throw laundry on top of it when i cant have a friend in the house because im embarassed that theres underwear and bras strewn on the bed pillows on the floor thats something else you used to be good about at least making the bed,0,0
me sef dey laugh you meanwhile hows my darling anjie,0,0
he also knows about lunch menu only da i know,0,0
hope this text meets you smiling if not then let this text give you a reason to smile have a beautiful day,0,0
awesome how do i deal with the gate charles told me last night but uh yeah,0,0
hmv bonus special pounds of genuine hmv vouchers to be won just answer easy questions play now send hmv to more infowwwpercentrealcom,1,1
taka lor wat time u wan come n look us,0,0
cool so how come you havent been wined and dined before,0,0
please call amanda with regard to renewing or upgrading your current tmobile handset free of charge offer ends today tel subject to ts and cs,1,1
is there a reason weve not spoken this year anyways have a great week and all the best in your exam,0,0
lul im gettin some juicy gossip at the hospital two nurses are talking about how fat they are gettin and one thinks shes obese oyea,0,0
oh lk tt den we take e one tt ends at cine lor dun wan yogasana oso can,0,0
good morning plz call me sir,0,0
all write or wat,0,0
hi hope ur day good back from walk table booked for half eight let me know when ur coming over,0,0
free message activate your free text messages by replying to this message with the word free for terms conditions visit wwwcom,1,1
yes they replied my mail im going to the management office later plus will in to bank later alsoor on wednesday,0,0
ok,0,0
mila age blonde new in uk i look sex with uk guys if u like fun with me text mtalk to pptxt st free increments help,1,1
i didnt get the second half of that message,0,0
ive reached sch already,0,0
im back lemme know when youre ready,0,0
no messages on her phone im holding it now,0,0
sorry i will be able to get to you see you in the morning,0,0
all will come alivebetter correct any good looking figure there itself,0,0
this message is free welcome to the new improved sex dogging club to unsubscribe from this service reply stop msgsp only,1,1
you said not now no problem when you can let me know,0,0
as usual u can call me ard smth,0,0
in other news after hassling me to get him weed for a week andres has no money haughaighgtujhyguj,0,0
good morning my dear shijutta have a great amp successful day,0,0
its a great day do have yourself a beautiful one,0,0
yeshe have good crickiting mind,0,0
and dont worry well have finished by march ish,0,0
your opinion about me over jada kusruthi lovable silent spl character not matured stylish simple pls reply,0,0
you only hate me you can call any but you didnt accept even a single call of mine or even you messaged,0,0
twinks bears scallies skins and jocks are calling now dont miss the weekends fun call at pmin stop texts call nat rate,1,1
good night my dear sleepwellamptake care,0,0
as a registered optin subscriber ur draw gift voucher will be entered on receipt of a correct ans to whats no in the bbc charts,1,1
hi happy new year i dont mean to intrude but can you pls let me know how much tuition you paid last semester and how much this semester is thanks,0,0
warner village c colin farrell in swat this wkend warner village get free med popcornjust show msgticketkioskvalid c tc kiosk reply sony mre film offers,1,1
lil fever now fine,0,0
yes we were outside for like hours and i called my whole family to wake them up cause it started at am,0,0
are we doing the norm tomorrow i finish just a cos of st tests need to sort library stuff out at some point tomo got letter from today access til end march so i better get move on,0,0
,0,0
okay good no problem and thanx,0,0
nobody can decide where to eat and dad wants chinese,0,0
gam gone after outstanding innings,0,0
hey are you going to quit soon xuhui and i working till end of the month,0,0
i might go sch yar at e salon now v boring,0,0
i dont have that much image in class,0,0
ur awarded a city break and could win a summer shopping spree every wk txt store to skilgme tscswinawkage perwksub,1,1
thesmszonecom lets you send free anonymous and masked messagesim sending this message from theredo you see the potential for abuse,1,0
love you aathilove u lot,0,0
wheres mummys boy is he being good or bad is he being positive or negative why is mummy being made to wait hmmmm,0,0
your account for xxxxxxxxx shows unredeemed points to claim call identifier code xxxxx expires,1,1
life is more strict than teacher bcoz teacher teaches lesson amp then conducts exam but life first conducts exam amp then teaches lessons happy morning,0,0
don knowhe is watching film in computer,0,0
this is the nd time we have tried contact u u have won the pound prize claim is easy call now only p per min btnationalrate,1,1
if i not meeting all rite then ill go home lor if dun feel like comin its ok,0,0
give one miss from that number please,0,0
sorry to trouble u again can buy d for my dad again all big small sat n sun thanx,0,0
eh u remember how spell his name yes i did he v naughty make until i v wet,0,0
gr new service live sex video chat on your mob see the sexiest dirtiest girls live on ur phone details text horny to to cancel send stop to,1,1
dont think you need yellow card for uk travel ask someone that has gone before if you do its just ltgt bucks,0,0
rgent this is the nd attempt to contact uu have won call b tcsbcmwcnxx callcost ppm mobilesvary max,1,1
sorry ill call later,0,0
height of confidence all the aeronautics professors wer calld amp they wer askd sit in an aeroplane aftr they sat they wer told dat the plane ws made by their students dey all hurried out of d plane bt only didnt move he saidif it is made by my students,0,0
i see the letter b on my car,0,0
hi its lucy hubby at meetins all day fri i will b alone at hotel u fancy cumin over pls leave msg day lucy x callsminmobsmorelkpoboxhpfl,1,0
tunde how are you doing this is just wishing you a great day abiola,0,0
then ur physics get a,0,0
sfrom the training manual it show there is no tech processits all about password reset and troubleshooting,0,0
somewhere out there beneath the pale moon light someone think in of u some where out there where dreams come true goodnite amp sweet dreams,0,0
also that chat was awesome but dont make it regular unless you can see her in person,0,0
mum not going robinson already,0,0
aight thatll work thanks,0,0
that day say cut ur hair at paragon is it called hair sense do noe how much is a hair cut,0,0
he neva grumble but i sad lor hee buy tmr lor aft lunch but we still meetin lunch tmr a not neva hear fr them lei got a lot of work ar,0,0
you didnt hear it from me,0,0
sac needs to carry on,0,0
wow v v impressed have funs shopping,0,0
i think your mentor is but not percent sure,0,0
goodmorning today i am late for hrs because of back pain,0,0
only once then after ill obey all yours,0,0
really do hope the work doesnt get stressful have a gr day,0,0
im really not up to it still tonight babe,0,0
oh yeah clearly its my fault,0,0
nothing will ever be easy but dont be looking for a reason not to take a risk on life and love,0,0
congrats mobile g videophones r yours call now videochat wid ur mates play java games dload polyh music noline rentl bx ip we pm,1,1
ard lor,0,0
ever thought about living a good life with a perfect partner just txt back name and age to join the mobile community psms,1,0
im fine hope you are good do take care,0,0
hey they r not watching movie tonight so ill prob b home early,0,0
cool want me to go to kappa or should i meet you outside mu,0,0
yes see ya not on the dot,0,0
yup ok,0,0
i absolutely love south park i only recently started watching the office,0,0
no she didnt i will search online and let you know,0,0
called dad oredi,0,0
oh ho is this the first time u use these type of words,0,0
no shes currently in scotland for that,0,0
happy birthday to youdearwith lots of loverakhesh nri,0,0
am going to take bath ill place the key in window,0,0
if we win its really no side for long time,0,0
leaving to qatar tonite in search of an opportunityall went fastpls add me in ur prayers dearrakhesh,0,0
hello thanx for taking that call i got a job starts on monday,0,0
hi babe uawakefeellikw shitjustfound out via aletter thatmum gotmarried thnovbehind ourbacks fuckinniceselfish,0,0
dai what this da can i send my resume to this id,0,0
if youre thinking of lifting me one then no,0,0
ok sweet dreams,0,0
do you want anytime any network mins text and a new video phone for only five pounds per week call now or reply for delivery tomorrow,1,1
u still havent got urself a jacket ah,0,0
hows the pain deary r u smiling,0,0
happy new year my no man,0,0
you best watch what you say cause i get drunk as a motherfucker,0,0
k i will sent it again,0,0
boooo you always work just quit,0,0
oktake careumma to you too,0,0
die i accidentally deleted e msg i suppose put in e sim archive haiz i so sad,0,0
we can go e normal pilates after our intro,0,0
i think u have the wrong number,0,0
okay name ur price as long as its legal wen can i pick them up y u ave x ams xx,0,0
i had askd u a question some hours before its answer,0,0
id like to tell you my deepest darkest fantasies call me just pmin to stop texts call nat rate,1,1
we r outside already,0,0
he is impossible to argue with and he always treats me like his sub like he never released me which he did and i will remind him of that if necessary,0,0
why are u up so early,0,0
wow the boys r back take that uk tour win vip tickets prebook with vip club txt club to trackmarque ltd infovipclubu,1,1
aight do you still want to get money,0,0
sorry ill call you later i am in meeting sir,0,0
a xmas reward is waiting for you our computer has randomly picked you from our loyal mobile customers to receive a reward just call,1,1
ok which your another number,0,0
very hurting n meaningful lines ever i compromised everything for my love,0,0
when u love someone dont make them to love u as much as u do but love them so much that they dont want to be loved by anyone except you gud nit,0,0
dont worry i guess hes busy,0,0
hi good mornin thanku wish u d same,0,0
good afternoon babe how goes that day any job prospects yet i miss you my love sighs,0,0
alright well bring it to you see you in like ltgt mins,0,0
that is wondarfull song,0,0
one of best dialogue in cute reltnship wen i die,0,0
thanks for being there for me just to talk to on saturday you are very dear to me i cherish having you as a brother and role model,0,0
i dont have any of your file in my bagi was in work when you called mei ll tell you if i find anything in my room,0,0
s flirting now txt girl or bloke ur name age eg girl zoe to to join and get chatting,1,0
you give us back my id proof and ltgt rs we wont allow you to work we will come to your home within days,0,0
from to only my work timing,0,0
youve always been the brainy one,0,0
thanks for ve lovely wisheds you rock,0,0
when you guys planning on coming over,0,0
jay wants to work out first hows sound,0,0
bull your plan was to go floating off to ikea with me without a care in the world so i have to live with your mess another day,0,0
sorry ill call later in meeting,0,0
then we wait u lor no need feel bad lar,0,0
not heard from u a while call rude chat private line to cum wan c pics of me gettin shagged then text pix to end send stop sam xxx,1,0
k go and sleep well take rest,0,0
yup leaving right now be back soon,0,0
oi ami parchi na re kicchu kaaj korte iccha korche na phone ta tul na plz plz,0,0
can dunno wat to get her,0,0
oh kafter that placement there ah,0,0
themob check out our newest selection of content games tones gossip babes and sport keep your mobile fit and funky text wap to,1,1
just got up have to be out of the room very soon i hadnt put the clocks back til at i shouted at everyone to get up and then realised it was wahay another hour in bed,0,0
so li hai me bored now da lecturer repeating last weeks stuff waste time,0,0
yes but i dont care cause i know its there,0,0
get ready for ltgt inches of pleasure,0,0
i have a sore throat its scratches when i talk,0,0
send ur birthdate with month and year i will tel u ur life partners name and the method of calculation reply must,0,0
ok i only ask abt e movie u wan ktv oso,0,0
my drive can only be read i need to write,0,0
where are you what are you doing are yuou working on getting the pc to your moms did you find a spot that it would work i need you,0,0
download as many ringtones as u like no restrictions s choose u can even send yr buddys txt sir to,1,0
for me the love should start with attractioni should feel that i need her every time around meshe should be the first thing which comes in my thoughtsi would start the day and end it with hershe should be there every time i dreamlove will be then when my every breath has her namemy life should happen around hermy life will be named to heri would cry for herwill give all my happiness and take all her sorrowsi will be ready to fight with anyone for heri will be in love when i will be doing the craziest things for herlove will be when i dont have to proove anyone that my girl is the most beautiful lady on the whole planeti will always be singing praises for herlove will be when i start up making chicken curry and end up makiing sambarlife will be the most beautiful thenwill get every morning and thank god for the day because she is with mei would like to say a lotwill tell later,0,0
aight no rush ill ask jay,0,0
yeshere tv is always available in work place,0,0
sure but since my parents will be working on tuesday i dont really need a cover story,0,0
im done im sorry i hope your next space gives you everything you want remember all the furniture is yours if im not around when you move it just lock all the locks and leave the key with jenne,0,0
correct so how was work today,0,0
shall i bring us a bottle of wine to keep us amused only joking ill bring one anyway,0,0
where r e meeting tmr,0,0
now im going out dinner soon,0,0
do you work all this week,0,0
ur balance is now next question complete the landmark big a bob b barry or c ben text a b or c to good luck,1,0
did u download the fring app,0,0
yeshe is really greatbhaji told kallis best cricketer after sachin in worldvery tough to get out,0,0
great i hope you like your man well endowed i am ltgt inches,0,0
as in missionary hook up doggy hook up standing,0,0
i promise to take good care of you princess i have to run now please send pics when you get a chance ttyl,0,0
we have sent jd for customer service cum accounts executive to ur mail id for details contact us,0,0
hi hope u get this txtjourney hasnt been gdnow about mins late i think,0,0
mm i had my food da from out,0,0
text pass to to collect your polyphonic ringtones normal gprs charges apply only enjoy your tones,1,1
same to u,0,0
so u gonna get deus ex,0,0
so theres a ring that comes with the guys costumes its there so they can gift their future yowifes hint hint,0,0
yo call me when you get the chance a friend of mine wanted me to ask you about a big order,0,0
no plans yet what are you doing,0,0
no problem talk to you later,0,0
sindu got job in birla soft,0,0
i dun thk ill quit yet hmmm can go jazz yogasana oso can we can go meet em after our lessons den,0,0
nightswe nt staying at port step liaotoo ex,0,0
how long does applebees fucking take,0,0
i donno its in your genes or something,0,0
urgent you have won a week free membership in our prize jackpot txt the word claim to no tc wwwdbuknet lccltd pobox ldnwarw,1,1
please call our customer service representative on between ampm as you have won a guaranteed cash or prize,1,1
yeah probably here for a while,0,0
he will you guys close,0,0
i should add that i dont really care and if you cant i can at least get this dude to fuck off but hey your money if you want it,0,0
probably gonna swing by in a wee bit,0,0
wow so healthy old airport rd lor cant thk of anything else but ill b bathing my dog later,0,0
no management puzzeles,0,0
urgent we are trying to contact u todays draw shows that you have won a prize guaranteed call from land line claim c validhrs only,1,1
no nokia tone ur mob every week just txt nok to st tone free so get txtin now and tell ur friends ptone reply hl info,1,1
yup but not studying surfing lor im in e lazy mode today,0,0
ya that one is slow as poo,0,0
those were my exact intentions,0,0
whenevr ur sad whenevr ur gray remembr im here listn watevr u wanna say jus walk wid me a little whileamp i promise ill bring back ur smile,0,0
free for st week no nokia tone ur mobile every week just txt nokia to get txting and tell ur mates wwwgetzedcouk pobox wwq normptone,1,1
u have a secret admirer who is looking make contact with ufind out who they rreveal who thinks ur so specialcall on stopsmsppm,1,1
oh right ok ill make sure that i do loads of work during the day got a really nasty cough today and is dry n shot so that should really help it,0,0
time n smile r the two crucial things in our life sometimes time makes us to forget smile and sometimes someones smile makes us to forget time gud noon,0,0
they can try they can get lost in fact tee hee,0,0
freemsg hey u i just got of these videopic fones reply wild to this txt ill send u my pics hurry up im so bored at work xxx prcvd stopstop,1,0
fine i miss you very much,0,0
i wnt to buy a bmw car urgentlyits vry urgentbut hv a shortage of ltgt lacsthere is no source to arng dis amt ltgt lacsthats my prob,0,0
im on the snowboarding trip i was wondering if your planning to get everyone together befor we goa meet and greet kind of affair cheers,0,0
ok now i am in bus if i come soon i will come otherwise tomorrow,0,0
i have lost kilos as of today,0,0
am i that much bad to avoid like this,0,0
understand his loss is my gain so do you work school,0,0
just sing hu i think its also important to find someone female that know the place well preferably a citizen that is also smart to help you navigate through even things like choosing a phone plan require guidance when in doubt ask especially girls,0,0
i could ask carlos if we could get more if anybody else can chip in,0,0
hows it feel mr your not my real valentine just my yo valentine even tho u hardly play,0,0
im parked next to a mini when are you coming in today do you think,0,0
sorry my roommates took forever it ok if i come by now,0,0
daddy shu shu is looking u u wan me tell him ure not in singapore or wat,0,0
smith waste dai wanna gayle,0,0
on a tuesday night r u real,0,0
we regret to inform u that the nhs has made a mistakeu were never actually bornplease report yor local hospital b terminatedwe r sorry the inconvenience,0,0
tacos rajas burrito right,0,0
alright babe,0,0
dear umma she called me now,0,0
well theres a pattern emerging of my friends telling me to drive up and come smoke with them and then telling me that im a weed fiendmake them smoke too muchimpede their doing other things so you see how im hesitant,0,0
after completed degree there is no use in joining finance,0,0
k ill take care of it,0,0
interflora its not too late to order interflora flowers for christmas call to place your order before midnight tomorrow,1,0
sfine anytime all the best with it,0,0
will purchase d stuff today and mail to you do you have a po box number,0,0
his bday real is in april,0,0
nope im still in the market,0,0
ahhhhjust woken uphad a bad dream about u thoso i dont like u right now i didnt know anything about comedy night but i guess im up for it,0,0
hi baby im cruisin with my girl friend what r u up give me a call in and hour at home if thats alright or fone me on this fone now love jenny xxx,0,0
ltgt in mca but not conform,0,0
r u still working now,0,0
lol no i just need to cash in my nitros hurry come on before i crash out,0,0
except theres a chick with huge boobs,0,0
im freezing and craving ice fml,0,0
really gooddhanush rocks once again,0,0
i will be outside office take all from there,0,0
thanx e brownie its v nice,0,0
cool ill text you when im on the way,0,0
oh you got many responsibilities,0,0
hello from orange for months free access to games news and sport plus free texts and photo messages reply yes terms apply wwworangecoukow,1,1
wow didnt think it was that common i take it all back ur not a freak unless u chop it off,0,0
its sunny in california the weathers just cool,0,0
i jus hope its true that missin me cos im really missin him you havent done anything to feel guilty about yet,0,0
it wont b until as trying sort house out is that ok,0,0
marrow only wed at ltgt to aha,0,0
tell me whos this pls,0,0
cold dont be sad dear,0,0
thats the thing with apes u can fight to the death to keep something but the minute they have it when u let go thats it,0,0
whats up bruv hope you had a great break do have a rewarding semester,0,0
fair enough anything going on,0,0
today is sorry day if ever i was angry with you if ever i misbehaved or hurt you plz plz just slap urself bcoz its ur fault im basically good,0,0
i dont have i shall buy one dear,0,0
i am sorry it hurt you,0,0
i love to wine and dine my lady,0,0
did he say how fantastic i am by any chance or anything need a bigger life lift as losing the will live do you think i would be the first person die from n v q,0,0
oh god im gonna google nearby cliffs now,0,0
just glad to be talking to you,0,0
not heard from u a while call rude chat private line to cum wan c pics of me gettin shagged then text pix to end send stop sam xxx,1,0
so lets make it saturday or monday as per convenience,0,0
ya they are well and fine bbdpooja full pimpleseven she become quite blackand ur rite here its too cold wearing sweatter,0,0
ya ok then had dinner,0,0
great so should i send you my account number,0,0
yeah go on then bored and depressed sittin waitin for phone to ring hope the wind drops though scary,0,0
last chance claim ur worth of discount vouchers today text shop to now savamob offers mobile t cs savamob pobox muz sub,1,1
im not coming over do whatever you want,0,0
freemessage jamsterget the crazy frog sound now for poly text mad for real text mad to crazy sounds for just gbpweek only tcs apply,1,0
urgent we are trying to contact u todays draw shows that you have won a prize guaranteed call from land line claim a valid hrs only,1,1
em its olowoyey uscedu have a great time in argentina not sad about secretary everything is a blessing,0,0
not much no fights it was a good nite,0,0
ltgt ish minutes was minutes ago wtf,0,0
join the uks horniest dogging service and u can have sex nite just sign up and follow the instructions txt entry to now nytecalpmsgp,1,1
call listen to extreme dirty live chat going on in the office right now total privacy no one knows your sic listening p min mp,1,0
so do you have samus shoulders yet,0,0
havent,0,0
alex knows a guy who sells mids but hes down in south tampa and i dont think i could set it up before like,0,0
if you hear a loud scream in about ltgt minutes its cause my gyno will be shoving things up me that dont belong,0,0
thanx but my birthday is over already,0,0
what type of stuff do you sing,0,0
wishing you and your family merry x mas and happy new year in advance,0,0
dating service call boxskch,1,1
oh ok,0,0
haha awesome i might need to take you up on that what you doin tonight,0,0
i want snow its just freezing and windy,0,0
sorry ill call later in meeting,0,0
still chance there if you search hard you will get itlet have a try,0,0
beautiful truth against gravity read carefully our heart feels light when someone is in it but it feels very heavy when someone leaves it good night,0,0
that day you asked about anand number why,0,0
sorry got a late start were on the way,0,0
da is good good playerwhy he is unsold,0,0
rofl betta invest in some anti aging products,0,0
the guy kadeem hasnt been selling since the break i know one other guy but hes paranoid as fuck and doesnt like selling without me there and i cant be up there til late tonight,0,0
and by when youre done i mean now,0,0
what you doinghow are you,0,0
bloomberg message center why wait apply for your future httpcareers bloombergcom,1,0
did u got that persons story,0,0
nah cant help you there ive never had an iphone,0,0
sorry ill call later,0,0
tfp,1,0
a boy was late home his father power of frndship,0,0
how are you just checking up on you,0,0
i hope you thats the result of being consistently intelligent and kind start asking him about practicum links and keep your ears open and all the best ttyl,0,0
hi darlin i cantdo anythingtomorrow as myparents aretaking me outfor a meal when are u free katexxx,0,0
hey you can pay with salary de only ltgt,0,0
yeah do dont stand to close tho youll catch something,0,0
ok i msg u b i leave my house,0,0
still i have not checked it da,0,0
private your account statement for,1,1
where are you call me,0,0
lol your always so convincing,0,0
beautiful truth against gravity read carefully our heart feels light when someone is in it but it feels very heavy when someone leaves it good night,0,0
ok give me minutes i think i see her btw youre my alibi you were cutting my hair the whole time,0,0
you said to me before i went back to bed that you cant sleep for anything,0,0
why you keeping me away like this,0,0
lol no u can trust me,0,0
da my birthdate in certificate is in april but real date is today but dont publish it i shall give you a special treat if you keep the secret any way thanks for the wishes,0,0
hey i am really horny want to chat or see me naked text hot to text charged at pm to unsubscribe text stop,1,1
nicenicehow is it working,0,0
ok,0,0
pandy joined w technologies todayhe got job,0,0
awesome that gonna be soon or later tonight,0,0
this is wishing you a great day moji told me about your offer and as always i was speechless you offer so easily to go to great lengths on my behalf and its stunning my exam is next friday after that i will keep in touch more sorry,0,0
and maybe some pressies,0,0
nicenicehow is it working,0,0
its sarcasm nt scarcasim,0,0
pls call me da what happen,0,0
missed call alert these numbers called but left no message,1,0
am on a train back from northampton so im afraid not im staying skyving off today ho ho will be around wednesday though do you fancy the comedy club this week by the way,0,0
haha better late than ever any way i could swing by,0,0
santa calling would your little ones like a call from santa xmas eve call to book you time callsppm last mins s tc wwwsantacallingcom,1,0
we walked from my moms right on stagwood pass right on winterstone left on victors hill address is ltgt,0,0
pls help me tell ashley that i cant find her number oh,0,0
hui xin is in da lib,0,0
no am working on the ringing u thing but have whole houseful of screaming brats so am pulling my hair out loving u,0,0
wat u doing there,0,0
very strange and are watching the nd one now but im in bed sweet dreams miss u,0,0
right it wasnt you who phoned it was someone with a number like yours,0,0
wow i love you sooo much you know i can barely stand it i wonder how your day goes and if you are well my love i think of you and miss you,0,0
i want to lick your pussy now,0,0
sorry ill call later,0,0
i dont thnk its a wrong calling between us,0,0
joys father is john then john is the name of joys father mandan,0,0
omg joanna is freaking me out shes looked thru all my friends to find photos of me and then shes asking about stuff on my myspace which i havent even logged on in like a year,0,0
i plane to give on this month end,0,0
hurry home soup is done,0,0
thanks for your ringtone order reference number x your mobile will be charged should your tone not arrive please call customer services from colourredtextcolourtxtstar,1,1
maybe say hi to and find out if got his card great escape or wetherspoons,0,0
ok lor,0,0
i thought slide is enough,0,0
ok but knackered just came home and went to sleep not good at this full time work lark,0,0
come aftr ltdecimalgt now i m cleaning the house,0,0
goodmorning sleeping ga,0,0
the sign of maturity is not when we start saying big things but actually it is when we start understanding small things have a nice evening bslvyl,0,0
we tried to contact you re your response to our offer of a new nokia fone and camcorder hit reply or call for delivery,1,1
u calling me right call my hand phone,0,0
take care and sleep wellyou need to learn to change in lifeyou only need to get convinced on thati will wait but no more conversations between usget convinced by that timeyour family is over for you in many sensesrespect them but not overemphasiseor u have no role in my life,0,0
life is nothing wen v get everything but life is everything wen v miss something real value of people wil be realized only in their absence gud mrng,0,0
in xam hall boy asked girl tell me the starting term for dis answer i can den manage on my own after lot of hesitation n lookin around silently she said the intha ponnungale ipaditan,0,0
whenre you guys getting back g said you were thinking about not staying for mcr,0,0
mm that time you dont like fun,0,0
good afternoon on this glorious anniversary day my sweet j i hope this finds you happy and content my prey i think of you and send a teasing kiss from across the sea coaxing images of fond souveniers you cougarpen,0,0
hidid you asked to waheeda fathima about leave,0,0
spoke with uncle john today he strongly feels that you need to sacrifice to keep me here hes going to call you when he does i beg you to just listen dont make any promises or make it clear things are not easy and i need you to please let us work things out as long as i keep expecting help my creativity will be stifled so pls just keep him happy no promises on your part,0,0
urgent this is our nd attempt to contact u your prize from yesterday is still awaiting collection to claim call now aclpm,1,1
lol yeah at this point i guess not,0,0
six chances to win cash from to pounds txt csh and send to cost pday days tsandcs apply reply hl info,1,1
bugis oso near wat,0,0
ow u deyi paid thousadi told u would call,0,0
kkhow about your training process,0,0
apo all other are mokka players only,0,0
olol i printed out a forum post by a guy with the exact same prob which was fixed with a gpu replacement hopefully they dont ignore that,0,0
welcome to select an o service with added benefits you can now call our specially trained advisors free from your mobile by dialling,1,1
im at arestaurant eating squid i will be out about wanna dosomething or is that to late,0,0
god asked what is forgiveness a little child gave lovely reply,0,0
yeah just open chat and click friend lists then make the list easy as pie,0,0
oh howda gud gud mathe en samachara chikku,0,0
well you pay over like ltgt yrs so its not too difficult,0,0
btw regarding that we should really try to see if anyone else can be our th guy before we commit to a random dude,0,0
there is os called ubandu which will run without installing in hard diskyou can use that os to copy the important files in system and give it to repair shop,0,0
goodnight da thangam i really miss u dear,0,0
piggy r u awake i bet ure still sleeping im going lunch now,0,0
really i tot ur paper ended long ago but wat u copied jus now got use u happy lar i still haf study,0,0
new mobiles from must go txt nokia to no collect yours todayfrom only wwwtcbiz optout gbpmtmsg txtauction,1,1
yeah probably i still gotta check out with leo,0,0
i dled d its very imp,0,0
ha ha ha good joke girls are situation seekers,0,0
win urgent your mobile number has been awarded with a prize guaranteed call from land line claim valid hrs only ppm,1,1
i got arrested for possession at i shit you not lttimegt pm,0,0
im fine babes aint been up much tho saw scary movie yest its quite funny want mrw afternoon at town or mall or sumthinxx,0,0
can you let me know details of fri when u find out cos im not in tom or fri mentionned chinese thanks,0,0
arms fine hows cardiff and uni,0,0
for ur chance to win a cash every wk txt action to tscs wwwmovietriviatv custcare xpwk,1,1
please call immediately as there is an urgent message waiting for you,1,1
sorry ill call later ltgt mins,0,0
yeah i imagine he would be really gentle unlike the other docs who treat their patients like turkeys,0,0
turns out my friends are staying for the whole show and wont be back til ltgt so feel free to go ahead and smoke that ltgt worth,0,0
wa u so efficient gee thanx,0,0
onum ela pa normal than,0,0
hard but true how much you show amp express your love to someonethat much it will hurt when they leave you or you get seperatedud evening,0,0
im at home n ready,0,0
i am back good journey let me know if you need any of the receipts shall i tell you like the pendent,0,0
no no i will check all rooms befor activities,0,0
arun can u transfr me d amt,0,0
men always needs a beautiful intelligent caring loving adjustable cooperative wife but the law allows only one wife,0,0
bognor it is should be splendid at this time of year,0,0
even u dont get in trouble while convincingjust tel him once or twice and just tel neglect his msgs dont c and read itjust dont reply,0,0
don knowthis week im going to tirunelvai da,0,0
ya i knw u vl givits ok thanks kanoanyway enjoy wit ur family wit st salary,0,0
where in abj are you serving are you staying with dad or alone,0,0
yes how is a pretty lady like you single,0,0
sorry sent blank msg again yup but trying do some serious studying now,0,0
would you like to see my xxx pics they are so hot they were nearly banned in the uk,1,0
private your account statement for shows unredeemed s i m points call identifier code expires,1,1
ill be at mu in like ltgt seconds,0,0
all boys made fun of me today ok i have no problem i just sent one message just for fun,0,0
you have won a guaranteed award or even cashto claim ur award call free on stop getstop on php rg jx,1,1
hi baby im sat on the bloody bus at the mo and i wont be home until about wanna do somethin later call me later ortxt back jess xx,0,0
dont fret ill buy the ovulation test strips and send them to you you wont get them til like march can you send me your postal addressull be alrightokay,0,0
hmmm and imagine after youve come home from that having to rub my feet make me dinner and help me get ready for my date are you sure your ready for that kind of life,0,0
ok lor wat time finish,0,0
night has ended for another day morning has come in a special way may you smile like the sunny rays and leaves your worries at the blue blue bay gud mrng,0,0
so check your errors and if you had difficulties do correction,0,0
yeah you should i think you can use your gt atm now to register not sure but if theres anyway i can help let me know but when you do be sure you are ready,0,0
y de asking like this,0,0
we tried to contact you re your reply to our offer of mins textand a new video phone call now or reply for free delivery tomorrow,1,1
ok but tell me half an hr b u come i need prepare,0,0
who are you seeing,0,0
horrible u eat macs eat until u forgot abt me already rite u take so long reply i thk its more toot than b so b prepared now wat shall i eat,0,0
i dont know oh hopefully this month,0,0
right on brah see you later,0,0
todays vodafone numbers ending with are selected to a receive a award if your number matches call to receive your award,1,1
you have won a guaranteed cash or a prize to claim yr prize call our customer service representative on between ampm,1,1
please call our customer service representative on freephone between ampm as you have won a guaranteed cash or prize,1,1
ho ho big belly laugh see ya tomo,0,0
thanks honey have a great day,0,0
we got a divorce lol shes here,0,0
kall the bestcongrats,0,0
hey babe sorry i didnt get sooner gary can come and fix it cause he thinks he knows what it is but he doesnt go as far a ptbo and he says it will cost ltgt bucks i dont know if it might be cheaper to find someone there we dont have any second hand machines at all right now let me know what you want to do babe,0,0
your free ringtone is waiting to be collected simply text the password mix to to verify get usher and britney fml,1,1
dont show yourself how far put new pictures up on facebook,0,0
our prashanthettans mother passed away last night pray for her and family,0,0
i wake up long ago already dunno what other thing,0,0
i send the print outs da,0,0
everybody had fun this evening miss you,0,0
kdo it at evening daurgent,0,0
it to your free text messages are valid until december,1,1
do you ever notice that when youre driving anyone going slower than you is an idiot and everyone driving faster than you is a maniac,1,0
that seems unnecessarily affectionate,0,0
cud u tell ppl im gona b a bit l cos buses hav gon past cos they were full im still waitin pete x,0,0
ha then we must walk to everywhere cannot take tram my cousin said can walk to vic market from our hotel,0,0
will you come online today night,0,0
i dunno lei like dun haf,0,0
valentines day special win over in our quiz and take your partner on the trip of a lifetime send go to now pmsg rcvd custcare,1,1
crucify is c not s you should have told me earlier,0,0
we are pleased to inform that your application for airtel broadband is processed successfully your installation will happen within days,0,0
thank you so much when we skyped wit kz and sura we didnt get the pleasure of your company hope you are good weve given you ultimatum oh we are countin down to aburo enjoy this is the message i sent days ago,0,0
have a great trip to india and bring the light to everyone not just with the project but with everyone that is lucky to see you smile bye abiola,0,0
e admin building there i might b slightly earlier ill call u when im reaching,0,0
tyler getting an th has to leave not long after can you get here in like an hour,0,0
si think he is waste for rr,0,0
can you plz tell me the ans bslvyl sent via fullonsmscom,0,0
no he didnt spring is coming early yay,0,0
haf u found him i feel so stupid da v cam was working,0,0
going on nothing greatbye,0,0
yes the only place in town to meet exciting adult singles is now in the uk txt chat to now pmsg,1,1
you are guaranteed the latest nokia phone a gb ipod mp player or a prize txt word collect to no ibhltd ldnwh pmtmsgrcvd,1,1
then we gotta do it after that,0,0
ill be late,0,0
do you want a new video handset anytime any network mins half price line rental camcorder reply or call for delivery tomorrow,1,1
win the newest harry potter and the order of the phoenix book reply harry answer questions chance to be the first among readers,1,1
pls confirm the time to collect the cheque,0,0
no i didnt mean to post it i wrote it and like so many other times ive ritten stuff to you i let it sit there it was what i was feeling at the time i was angry before i left i hit send then stop it wasnt there i checked on my phone when i got to my car it wasnt there you said you didnt sleep you were bored so why wouldnt that be the time to clean fold laundry etc at least make the bed,0,0
you will be in the place of that man,0,0
hi babe its chloe how r u i was smashed on saturday night it was great how was your weekend u been missing me sp visionsmscom text stop to stop ptext,1,0
i will see in half an hour,0,0
lol oh you got a friend for the dog,0,0
ill call you evening ill some ideas,0,0
thursday night yeah sure thing well work it out then,0,0
at esplanade do mind giving me a lift cos i got no car today,0,0
my house here e sky quite dark liao if raining then got excuse not run already rite hee,0,0
thankyou so much for the call i appreciate your care,0,0
purity of friendship between two is not about smiling after reading the forwarded messageits about smiling just by seeing the name gud evng musthu,0,0
ok,0,0
carlos took a while again we leave in a minute,0,0
takin a shower now but yeah ill leave when im done,0,0
new theory argument wins d situation but loses the person so dont argue with ur friends just kick them amp say im always correct,0,0
sex up ur mobile with a free sexy pic of jordan just text babe to then every wk get a sexy celeb pocketbabecouk more pics wk,1,1
hello no news on job they are making me wait a fifth week yeah im up for some woozles and weasels in exeter still but be home about,0,0
ok how you dear did you call chechi,0,0
k still are you loving me,0,0
ltdecimalgt m but its not a common car here so its better to buy from china or asia or if i find it less expensive ill holla,0,0
rightio it is then well arent we all up bright and early this morning,0,0
yes i have so thats why u texted pshewmissing you so much,0,0
get the door im here,0,0
kit strip you have been billed p netcollex ltd po box ig oja,1,1
